ingestion_time_utc,mapped_airline,live_flights,avg_velocity,avg_altitude,on_ground_count,airborne_count,prev_live_flights,count_change,target_anomaly,total_route_flights,distinct_departure_hubs,has_aviationstack_context,airborne_ratio,on_ground_ratio
2026-03-27T17:59:21.582426+00:00,ANA,15,213.94,9472.17,0,15,15.0,0.0,0,27.0,6.0,1,1.0,0.0
2026-03-27T17:59:21.582426+00:00,Air France,67,179.38,8213.73,8,59,67.0,0.0,0,41.0,8.0,1,0.8805970149253731,0.11940298507462686
2026-03-27T17:59:21.582426+00:00,Air India,55,157.53,6883.78,8,47,55.0,0.0,0,40.0,6.0,1,0.8545454545454545,0.14545454545454545
2026-03-27T17:59:21.582426+00:00,American Airlines,545,193.42,8906.38,54,491,545.0,0.0,0,35.0,7.0,1,0.9009174311926605,0.09908256880733946
2026-03-27T17:59:21.582426+00:00,British Airways,70,194.8,8243.16,2,68,70.0,0.0,0,22.0,9.0,1,0.9714285714285714,0.02857142857142857
2026-03-27T17:59:21.582426+00:00,Cathay Pacific,115,101.26,3904.73,6,109,115.0,0.0,0,20.0,5.0,1,0.9478260869565217,0.05217391304347826
2026-03-27T17:59:21.582426+00:00,Delta Air Lines,496,195.96,8515.57,38,458,496.0,0.0,0,63.0,6.0,1,0.9233870967741935,0.07661290322580645
2026-03-27T17:59:21.582426+00:00,Emirates,32,252.18,10272.95,0,32,32.0,0.0,0,36.0,8.0,1,1.0,0.0
2026-03-27T17:59:21.582426+00:00,Etihad Airways,9,248.75,11010.05,0,9,9.0,0.0,0,19.0,7.0,1,1.0,0.0
2026-03-27T17:59:21.582426+00:00,IndiGo,70,159.72,7067.11,10,60,70.0,0.0,0,62.0,9.0,1,0.8571428571428571,0.14285714285714285
2026-03-27T17:59:21.582426+00:00,Japan Airlines,12,231.13,9714.23,0,12,12.0,0.0,0,23.0,8.0,1,1.0,0.0
2026-03-27T17:59:21.582426+00:00,KLM,80,192.54,8556.36,4,76,80.0,0.0,0,52.0,6.0,1,0.95,0.05
2026-03-27T17:59:21.582426+00:00,Lufthansa,88,176.55,7468.09,11,77,88.0,0.0,0,34.0,6.0,1,0.875,0.125
2026-03-27T17:59:21.582426+00:00,Qantas,8,230.49,10322.24,0,8,8.0,0.0,0,23.0,8.0,1,1.0,0.0
2026-03-27T17:59:21.582426+00:00,Qatar Airways,14,216.84,10393.09,1,13,14.0,0.0,0,14.0,4.0,1,0.9285714285714286,0.07142857142857142
2026-03-27T17:59:21.582426+00:00,Singapore Airlines,13,226.37,9748.52,1,12,13.0,0.0,0,23.0,7.0,1,0.9230769230769231,0.07692307692307693
2026-03-27T17:59:21.582426+00:00,SpiceJet,14,136.57,6237.61,2,12,14.0,0.0,0,4.0,2.0,1,0.8571428571428571,0.14285714285714285
2026-03-27T17:59:21.582426+00:00,Thai Airways,25,140.96,6778.68,4,21,25.0,0.0,0,0.0,0.0,0,0.84,0.16
2026-03-27T17:59:21.582426+00:00,Turkish Airlines,95,191.17,8308.25,9,86,95.0,0.0,0,10.0,6.0,1,0.9052631578947369,0.09473684210526316
2026-03-27T17:59:21.582426+00:00,United Airlines,460,200.78,8885.28,35,425,460.0,0.0,0,35.0,7.0,1,0.9239130434782609,0.07608695652173914
2026-04-01T16:53:17.302897+00:00,ANA,19,178.62,6453.29,1,18,15.0,4.0,0,27.0,6.0,1,0.9473684210526315,0.05263157894736842
2026-04-01T16:53:17.302897+00:00,Air France,91,183.92,8010.41,6,85,67.0,24.0,1,41.0,8.0,1,0.9340659340659341,0.06593406593406594
2026-04-01T16:53:17.302897+00:00,Air India,67,172.78,7593.52,8,59,55.0,12.0,1,40.0,6.0,1,0.8805970149253731,0.11940298507462686
2026-04-01T16:53:17.302897+00:00,American Airlines,531,191.04,8551.53,52,479,545.0,-14.0,1,35.0,7.0,1,0.9020715630885122,0.09792843691148775
2026-04-01T16:53:17.302897+00:00,British Airways,83,192.75,8014.2,1,82,70.0,13.0,1,22.0,9.0,1,0.9879518072289156,0.012048192771084338
2026-04-01T16:53:17.302897+00:00,Cathay Pacific,97,95.61,3306.51,3,94,115.0,-18.0,1,20.0,5.0,1,0.9690721649484536,0.030927835051546393
2026-04-01T16:53:17.302897+00:00,Delta Air Lines,504,190.41,8840.77,57,447,496.0,8.0,1,63.0,6.0,1,0.8869047619047619,0.1130952380952381
2026-04-01T16:53:17.302897+00:00,Emirates,53,247.18,10407.19,0,53,32.0,21.0,1,36.0,8.0,1,1.0,0.0
2026-04-01T16:53:17.302897+00:00,Etihad Airways,15,231.65,10470.9,0,15,9.0,6.0,1,19.0,7.0,1,1.0,0.0
2026-04-01T16:53:17.302897+00:00,IndiGo,88,177.3,7174.69,7,81,70.0,18.0,1,62.0,9.0,1,0.9204545454545454,0.07954545454545454
2026-04-01T16:53:17.302897+00:00,Japan Airlines,10,182.86,8795.17,1,9,12.0,-2.0,0,23.0,8.0,1,0.9,0.1
2026-04-01T16:53:17.302897+00:00,KLM,87,183.23,8298.08,8,79,80.0,7.0,1,52.0,6.0,1,0.9080459770114943,0.09195402298850575
2026-04-01T16:53:17.302897+00:00,Lufthansa,113,181.52,7384.36,8,105,88.0,25.0,1,34.0,6.0,1,0.9292035398230089,0.07079646017699115
2026-04-01T16:53:17.302897+00:00,Qantas,9,202.39,7977.29,0,9,8.0,1.0,0,23.0,8.0,1,1.0,0.0
2026-04-01T16:53:17.302897+00:00,Qatar Airways,24,229.64,10199.69,0,24,14.0,10.0,1,14.0,4.0,1,1.0,0.0
2026-04-01T16:53:17.302897+00:00,Singapore Airlines,24,215.12,7971.79,1,23,13.0,11.0,1,23.0,7.0,1,0.9583333333333334,0.041666666666666664
2026-04-01T16:53:17.302897+00:00,SpiceJet,12,156.54,5821.68,1,11,14.0,-2.0,0,4.0,2.0,1,0.9166666666666666,0.08333333333333333
2026-04-01T16:53:17.302897+00:00,Thai Airways,27,105.17,3986.73,2,25,25.0,2.0,0,0.0,0.0,0,0.9259259259259259,0.07407407407407407
2026-04-01T16:53:17.302897+00:00,Turkish Airlines,102,199.36,9237.14,8,94,95.0,7.0,1,10.0,6.0,1,0.9215686274509803,0.0784313725490196
2026-04-01T16:53:17.302897+00:00,United Airlines,440,206.03,9106.27,28,412,460.0,-20.0,1,35.0,7.0,1,0.9363636363636364,0.06363636363636363
2026-04-01T16:58:23.796243+00:00,ANA,18,197.54,7839.19,1,17,19.0,-1.0,0,27.0,6.0,1,0.9444444444444444,0.05555555555555555
2026-04-01T16:58:23.796243+00:00,Air France,91,187.69,8256.45,6,85,91.0,0.0,0,41.0,8.0,1,0.9340659340659341,0.06593406593406594
2026-04-01T16:58:23.796243+00:00,Air India,61,179.39,7653.47,5,56,67.0,-6.0,1,40.0,6.0,1,0.9180327868852459,0.08196721311475409
2026-04-01T16:58:23.796243+00:00,American Airlines,517,193.53,8608.29,46,471,531.0,-14.0,1,35.0,7.0,1,0.9110251450676983,0.08897485493230174
2026-04-01T16:58:23.796243+00:00,British Airways,86,192.46,8463.87,4,82,83.0,3.0,0,22.0,9.0,1,0.9534883720930233,0.046511627906976744
2026-04-01T16:58:23.796243+00:00,Cathay Pacific,105,90.27,3093.48,8,97,97.0,8.0,1,20.0,5.0,1,0.9238095238095239,0.0761904761904762
2026-04-01T16:58:23.796243+00:00,Delta Air Lines,498,194.84,8637.72,42,456,504.0,-6.0,1,63.0,6.0,1,0.9156626506024096,0.08433734939759036
2026-04-01T16:58:23.796243+00:00,Emirates,57,244.33,10410.93,0,57,53.0,4.0,0,36.0,8.0,1,1.0,0.0
2026-04-01T16:58:23.796243+00:00,Etihad Airways,15,232.71,10522.2,0,15,15.0,0.0,0,19.0,7.0,1,1.0,0.0
2026-04-01T16:58:23.796243+00:00,IndiGo,92,174.84,7004.55,7,85,88.0,4.0,0,62.0,9.0,1,0.9239130434782609,0.07608695652173914
2026-04-01T16:58:23.796243+00:00,Japan Airlines,9,177.47,8517.26,1,8,10.0,-1.0,0,23.0,8.0,1,0.8888888888888888,0.1111111111111111
2026-04-01T16:58:23.796243+00:00,KLM,83,185.88,8001.2,5,78,87.0,-4.0,0,52.0,6.0,1,0.9397590361445783,0.060240963855421686
2026-04-01T16:58:23.796243+00:00,Lufthansa,119,176.45,7423.91,10,109,113.0,6.0,1,34.0,6.0,1,0.9159663865546218,0.08403361344537816
2026-04-01T16:58:23.796243+00:00,Qantas,9,184.54,10579.83,2,7,9.0,0.0,0,23.0,8.0,1,0.7777777777777778,0.2222222222222222
2026-04-01T16:58:23.796243+00:00,Qatar Airways,22,222.45,10159.19,0,22,24.0,-2.0,0,14.0,4.0,1,1.0,0.0
2026-04-01T16:58:23.796243+00:00,Singapore Airlines,21,232.99,9725.41,1,20,24.0,-3.0,0,23.0,7.0,1,0.9523809523809523,0.047619047619047616
2026-04-01T16:58:23.796243+00:00,SpiceJet,11,174.1,6498.47,0,11,12.0,-1.0,0,4.0,2.0,1,1.0,0.0
2026-04-01T16:58:23.796243+00:00,Thai Airways,23,96.26,4076.01,3,20,27.0,-4.0,0,0.0,0.0,0,0.8695652173913043,0.13043478260869565
2026-04-01T16:58:23.796243+00:00,Turkish Airlines,107,194.8,8894.75,7,100,102.0,5.0,1,10.0,6.0,1,0.9345794392523364,0.06542056074766354
2026-04-01T16:58:23.796243+00:00,United Airlines,440,207.26,9177.86,27,413,440.0,0.0,0,35.0,7.0,1,0.9386363636363636,0.06136363636363636
2026-04-01T17:03:29.226479+00:00,ANA,20,204.91,8555.66,1,19,18.0,2.0,0,27.0,6.0,1,0.95,0.05
2026-04-01T17:03:29.226479+00:00,Air France,91,184.45,8060.79,7,84,91.0,0.0,0,41.0,8.0,1,0.9230769230769231,0.07692307692307693
2026-04-01T17:03:29.226479+00:00,Air India,56,191.47,8421.13,4,52,61.0,-5.0,1,40.0,6.0,1,0.9285714285714286,0.07142857142857142
2026-04-01T17:03:29.226479+00:00,American Airlines,528,188.73,8582.97,58,470,517.0,11.0,1,35.0,7.0,1,0.8901515151515151,0.10984848484848485
2026-04-01T17:03:29.226479+00:00,British Airways,85,194.54,8593.76,4,81,86.0,-1.0,0,22.0,9.0,1,0.9529411764705882,0.047058823529411764
2026-04-01T17:03:29.226479+00:00,Cathay Pacific,103,89.01,3185.9,10,93,105.0,-2.0,0,20.0,5.0,1,0.9029126213592233,0.0970873786407767
2026-04-01T17:03:29.226479+00:00,Delta Air Lines,495,194.92,8523.96,36,459,498.0,-3.0,0,63.0,6.0,1,0.9272727272727272,0.07272727272727272
2026-04-01T17:03:29.226479+00:00,Emirates,58,241.3,10315.07,1,57,57.0,1.0,0,36.0,8.0,1,0.9827586206896551,0.017241379310344827
2026-04-01T17:03:29.226479+00:00,Etihad Airways,15,224.02,9780.52,0,15,15.0,0.0,0,19.0,7.0,1,1.0,0.0
2026-04-01T17:03:29.226479+00:00,IndiGo,86,173.58,7232.85,10,76,92.0,-6.0,1,62.0,9.0,1,0.8837209302325582,0.11627906976744186
2026-04-01T17:03:29.226479+00:00,Japan Airlines,9,196.9,9673.59,1,8,9.0,0.0,0,23.0,8.0,1,0.8888888888888888,0.1111111111111111
2026-04-01T17:03:29.226479+00:00,KLM,83,184.7,7975.89,5,78,83.0,0.0,0,52.0,6.0,1,0.9397590361445783,0.060240963855421686
2026-04-01T17:03:29.226479+00:00,Lufthansa,119,180.72,7635.31,10,109,119.0,0.0,0,34.0,6.0,1,0.9159663865546218,0.08403361344537816
2026-04-01T17:03:29.226479+00:00,Qantas,10,173.36,9334.5,2,8,9.0,1.0,0,23.0,8.0,1,0.8,0.2
2026-04-01T17:03:29.226479+00:00,Qatar Airways,22,233.24,10287.69,0,22,22.0,0.0,0,14.0,4.0,1,1.0,0.0
2026-04-01T17:03:29.226479+00:00,Singapore Airlines,20,251.28,10141.46,0,20,21.0,-1.0,0,23.0,7.0,1,1.0,0.0
2026-04-01T17:03:29.226479+00:00,SpiceJet,11,171.32,7275.58,1,10,11.0,0.0,0,4.0,2.0,1,0.9090909090909091,0.09090909090909091
2026-04-01T17:03:29.226479+00:00,Thai Airways,25,96.87,3971.06,4,21,23.0,2.0,0,0.0,0.0,0,0.84,0.16
2026-04-01T17:03:29.226479+00:00,Turkish Airlines,112,195.05,8794.69,6,106,107.0,5.0,1,10.0,6.0,1,0.9464285714285714,0.05357142857142857
2026-04-01T17:03:29.226479+00:00,United Airlines,441,204.42,9142.36,31,410,440.0,1.0,0,35.0,7.0,1,0.9297052154195011,0.07029478458049887
2026-04-01T17:08:32.866092+00:00,ANA,16,205.47,9729.11,2,14,20.0,-4.0,0,27.0,6.0,1,0.875,0.125
2026-04-01T17:08:32.866092+00:00,Air France,92,185.34,7764.52,4,88,91.0,1.0,0,41.0,8.0,1,0.9565217391304348,0.043478260869565216
2026-04-01T17:08:32.866092+00:00,Air India,54,193.21,8480.3,4,50,56.0,-2.0,0,40.0,6.0,1,0.9259259259259259,0.07407407407407407
2026-04-01T17:08:32.866092+00:00,American Airlines,527,187.38,8595.9,61,466,528.0,-1.0,0,35.0,7.0,1,0.8842504743833017,0.1157495256166983
2026-04-01T17:08:32.866092+00:00,British Airways,83,195.29,8530.69,3,80,85.0,-2.0,0,22.0,9.0,1,0.963855421686747,0.03614457831325301
2026-04-01T17:08:32.866092+00:00,Cathay Pacific,99,92.15,3304.94,10,89,103.0,-4.0,0,20.0,5.0,1,0.898989898989899,0.10101010101010101
2026-04-01T17:08:32.866092+00:00,Delta Air Lines,505,194.88,8384.26,33,472,495.0,10.0,1,63.0,6.0,1,0.9346534653465347,0.06534653465346535
2026-04-01T17:08:32.866092+00:00,Emirates,55,240.04,10170.87,1,54,58.0,-3.0,0,36.0,8.0,1,0.9818181818181818,0.01818181818181818
2026-04-01T17:08:32.866092+00:00,Etihad Airways,15,221.24,9392.92,0,15,15.0,0.0,0,19.0,7.0,1,1.0,0.0
2026-04-01T17:08:32.866092+00:00,IndiGo,82,166.27,6972.09,10,72,86.0,-4.0,0,62.0,9.0,1,0.8780487804878049,0.12195121951219512
2026-04-01T17:08:32.866092+00:00,Japan Airlines,11,187.27,9729.05,2,9,9.0,2.0,0,23.0,8.0,1,0.8181818181818182,0.18181818181818182
2026-04-01T17:08:32.866092+00:00,KLM,84,184.09,7854.1,5,79,83.0,1.0,0,52.0,6.0,1,0.9404761904761905,0.05952380952380952
2026-04-01T17:08:32.866092+00:00,Lufthansa,122,178.87,7661.57,10,112,119.0,3.0,0,34.0,6.0,1,0.9180327868852459,0.08196721311475409
2026-04-01T17:08:32.866092+00:00,Qantas,10,211.67,9398.0,1,9,10.0,0.0,0,23.0,8.0,1,0.9,0.1
2026-04-01T17:08:32.866092+00:00,Qatar Airways,24,238.35,9542.15,0,24,22.0,2.0,0,14.0,4.0,1,1.0,0.0
2026-04-01T17:08:32.866092+00:00,Singapore Airlines,26,231.3,10174.61,2,24,20.0,6.0,1,23.0,7.0,1,0.9230769230769231,0.07692307692307693
2026-04-01T17:08:32.866092+00:00,SpiceJet,11,167.68,6088.38,0,11,11.0,0.0,0,4.0,2.0,1,1.0,0.0
2026-04-01T17:08:32.866092+00:00,Thai Airways,26,78.85,3450.27,2,24,25.0,1.0,0,0.0,0.0,0,0.9230769230769231,0.07692307692307693
2026-04-01T17:08:32.866092+00:00,Turkish Airlines,117,193.87,9107.23,8,109,112.0,5.0,1,10.0,6.0,1,0.9316239316239316,0.06837606837606838
2026-04-01T17:08:32.866092+00:00,United Airlines,453,201.0,8906.31,32,421,441.0,12.0,1,35.0,7.0,1,0.9293598233995585,0.0706401766004415
2026-04-01T17:13:36.447081+00:00,ANA,16,213.72,9325.86,1,15,16.0,0.0,0,27.0,6.0,1,0.9375,0.0625
2026-04-01T17:13:36.447081+00:00,Air France,92,183.98,7529.75,2,90,92.0,0.0,0,41.0,8.0,1,0.9782608695652174,0.021739130434782608
2026-04-01T17:13:36.447081+00:00,Air India,48,193.68,8251.27,3,45,54.0,-6.0,1,40.0,6.0,1,0.9375,0.0625
2026-04-01T17:13:36.447081+00:00,American Airlines,512,189.42,8463.29,53,459,527.0,-15.0,1,35.0,7.0,1,0.896484375,0.103515625
2026-04-01T17:13:36.447081+00:00,British Airways,84,197.9,8764.62,4,80,83.0,1.0,0,22.0,9.0,1,0.9523809523809523,0.047619047619047616
2026-04-01T17:13:36.447081+00:00,Cathay Pacific,98,89.93,3381.6,12,86,99.0,-1.0,0,20.0,5.0,1,0.8775510204081632,0.12244897959183673
2026-04-01T17:13:36.447081+00:00,Delta Air Lines,512,192.26,8491.66,41,471,505.0,7.0,1,63.0,6.0,1,0.919921875,0.080078125
2026-04-01T17:13:36.447081+00:00,Emirates,57,242.1,10220.33,1,56,55.0,2.0,0,36.0,8.0,1,0.9824561403508771,0.017543859649122806
2026-04-01T17:13:36.447081+00:00,Etihad Airways,16,234.44,10066.97,0,16,15.0,1.0,0,19.0,7.0,1,1.0,0.0
2026-04-01T17:13:36.447081+00:00,IndiGo,78,163.63,6672.73,9,69,82.0,-4.0,0,62.0,9.0,1,0.8846153846153846,0.11538461538461539
2026-04-01T17:13:36.447081+00:00,Japan Airlines,11,181.33,10932.8,3,8,11.0,0.0,0,23.0,8.0,1,0.7272727272727273,0.2727272727272727
2026-04-01T17:13:36.447081+00:00,KLM,83,174.12,7930.33,11,72,84.0,-1.0,0,52.0,6.0,1,0.8674698795180723,0.13253012048192772
2026-04-01T17:13:36.447081+00:00,Lufthansa,126,173.19,7703.54,16,110,122.0,4.0,0,34.0,6.0,1,0.873015873015873,0.12698412698412698
2026-04-01T17:13:36.447081+00:00,Qantas,12,203.65,6793.87,0,12,10.0,2.0,0,23.0,8.0,1,1.0,0.0
2026-04-01T17:13:36.447081+00:00,Qatar Airways,27,235.97,9248.14,0,27,24.0,3.0,0,14.0,4.0,1,1.0,0.0
2026-04-01T17:13:36.447081+00:00,Singapore Airlines,24,242.55,10229.02,1,23,26.0,-2.0,0,23.0,7.0,1,0.9583333333333334,0.041666666666666664
2026-04-01T17:13:36.447081+00:00,SpiceJet,9,165.35,6105.31,0,9,11.0,-2.0,0,4.0,2.0,1,1.0,0.0
2026-04-01T17:13:36.447081+00:00,Thai Airways,21,91.62,3810.0,3,18,26.0,-5.0,1,0.0,0.0,0,0.8571428571428571,0.14285714285714285
2026-04-01T17:13:36.447081+00:00,Turkish Airlines,120,201.9,9129.36,5,115,117.0,3.0,0,10.0,6.0,1,0.9583333333333334,0.041666666666666664
2026-04-01T17:13:36.447081+00:00,United Airlines,471,195.34,8805.97,44,427,453.0,18.0,1,35.0,7.0,1,0.9065817409766455,0.09341825902335456
2026-04-01T17:18:46.968873+00:00,ANA,14,225.38,9442.27,0,14,16.0,-2.0,0,27.0,6.0,1,1.0,0.0
2026-04-01T17:18:46.968873+00:00,Air France,94,176.6,7316.29,3,91,92.0,2.0,0,41.0,8.0,1,0.9680851063829787,0.031914893617021274
2026-04-01T17:18:46.968873+00:00,Air India,51,192.59,8298.18,3,48,48.0,3.0,0,40.0,6.0,1,0.9411764705882353,0.058823529411764705
2026-04-01T17:18:46.968873+00:00,American Airlines,514,190.86,8350.58,44,470,512.0,2.0,0,35.0,7.0,1,0.914396887159533,0.08560311284046693
2026-04-01T17:18:46.968873+00:00,British Airways,86,194.48,8674.95,5,81,84.0,2.0,0,22.0,9.0,1,0.9418604651162791,0.05813953488372093
2026-04-01T17:18:46.968873+00:00,Cathay Pacific,94,85.48,3178.44,9,85,98.0,-4.0,0,20.0,5.0,1,0.9042553191489362,0.09574468085106383
2026-04-01T17:18:46.968873+00:00,Delta Air Lines,506,194.75,8613.41,39,467,512.0,-6.0,1,63.0,6.0,1,0.9229249011857708,0.07707509881422925
2026-04-01T17:18:46.968873+00:00,Emirates,58,240.02,10352.18,2,56,57.0,1.0,0,36.0,8.0,1,0.9655172413793104,0.034482758620689655
2026-04-01T17:18:46.968873+00:00,Etihad Airways,14,235.19,10039.89,0,14,16.0,-2.0,0,19.0,7.0,1,1.0,0.0
2026-04-01T17:18:46.968873+00:00,IndiGo,73,175.28,6968.49,6,67,78.0,-5.0,1,62.0,9.0,1,0.9178082191780822,0.0821917808219178
2026-04-01T17:18:46.968873+00:00,Japan Airlines,11,199.83,8878.06,1,10,11.0,0.0,0,23.0,8.0,1,0.9090909090909091,0.09090909090909091
2026-04-01T17:18:46.968873+00:00,KLM,82,169.86,7719.5,12,70,83.0,-1.0,0,52.0,6.0,1,0.8536585365853658,0.14634146341463414
2026-04-01T17:18:46.968873+00:00,Lufthansa,122,178.44,7858.49,11,111,126.0,-4.0,0,34.0,6.0,1,0.9098360655737705,0.09016393442622951
2026-04-01T17:18:46.968873+00:00,Qantas,12,200.83,6198.87,0,12,12.0,0.0,0,23.0,8.0,1,1.0,0.0
2026-04-01T17:18:46.968873+00:00,Qatar Airways,28,233.68,9802.71,1,27,27.0,1.0,0,14.0,4.0,1,0.9642857142857143,0.03571428571428571
2026-04-01T17:18:46.968873+00:00,Singapore Airlines,25,233.97,10410.25,2,23,24.0,1.0,0,23.0,7.0,1,0.92,0.08
2026-04-01T17:18:46.968873+00:00,SpiceJet,10,163.76,6398.51,0,10,9.0,1.0,0,4.0,2.0,1,1.0,0.0
2026-04-01T17:18:46.968873+00:00,Thai Airways,17,113.94,4024.26,2,15,21.0,-4.0,0,0.0,0.0,0,0.8823529411764706,0.11764705882352941
2026-04-01T17:18:46.968873+00:00,Turkish Airlines,127,200.53,8977.93,6,121,120.0,7.0,1,10.0,6.0,1,0.952755905511811,0.047244094488188976
2026-04-01T17:18:46.968873+00:00,United Airlines,474,192.57,8766.04,50,424,471.0,3.0,0,35.0,7.0,1,0.8945147679324894,0.10548523206751055
2026-04-01T17:23:54.240464+00:00,ANA,13,223.73,10260.33,1,12,14.0,-1.0,0,27.0,6.0,1,0.9230769230769231,0.07692307692307693
2026-04-01T17:23:54.240464+00:00,Air France,94,175.77,7584.09,7,87,94.0,0.0,0,41.0,8.0,1,0.925531914893617,0.07446808510638298
2026-04-01T17:23:54.240464+00:00,Air India,51,190.27,8789.17,5,46,51.0,0.0,0,40.0,6.0,1,0.9019607843137255,0.09803921568627451
2026-04-01T17:23:54.240464+00:00,American Airlines,517,189.3,8424.01,51,466,514.0,3.0,0,35.0,7.0,1,0.9013539651837524,0.09864603481624758
2026-04-01T17:23:54.240464+00:00,British Airways,86,199.77,8819.55,3,83,86.0,0.0,0,22.0,9.0,1,0.9651162790697675,0.03488372093023256
2026-04-01T17:23:54.240464+00:00,Cathay Pacific,97,88.56,3402.2,12,85,94.0,3.0,0,20.0,5.0,1,0.8762886597938144,0.12371134020618557
2026-04-01T17:23:54.240464+00:00,Delta Air Lines,493,194.75,8733.64,42,451,506.0,-13.0,1,63.0,6.0,1,0.9148073022312373,0.08519269776876268
2026-04-01T17:23:54.240464+00:00,Emirates,58,236.0,9980.57,2,56,58.0,0.0,0,36.0,8.0,1,0.9655172413793104,0.034482758620689655
2026-04-01T17:23:54.240464+00:00,Etihad Airways,16,226.45,9586.91,0,16,14.0,2.0,0,19.0,7.0,1,1.0,0.0
2026-04-01T17:23:54.240464+00:00,IndiGo,71,172.67,6838.14,7,64,73.0,-2.0,0,62.0,9.0,1,0.9014084507042254,0.09859154929577464
2026-04-01T17:23:54.240464+00:00,Japan Airlines,12,230.45,8987.79,0,12,11.0,1.0,0,23.0,8.0,1,1.0,0.0
2026-04-01T17:23:54.240464+00:00,KLM,81,164.65,6843.3,10,71,82.0,-1.0,0,52.0,6.0,1,0.8765432098765432,0.12345679012345678
2026-04-01T17:23:54.240464+00:00,Lufthansa,117,181.6,8029.98,10,107,122.0,-5.0,1,34.0,6.0,1,0.9145299145299145,0.08547008547008547
2026-04-01T17:23:54.240464+00:00,Qantas,14,202.79,7070.82,0,14,12.0,2.0,0,23.0,8.0,1,1.0,0.0
2026-04-01T17:23:54.240464+00:00,Qatar Airways,28,245.47,10198.95,1,27,28.0,0.0,0,14.0,4.0,1,0.9642857142857143,0.03571428571428571
2026-04-01T17:23:54.240464+00:00,Singapore Airlines,23,252.96,10294.62,0,23,25.0,-2.0,0,23.0,7.0,1,1.0,0.0
2026-04-01T17:23:54.240464+00:00,SpiceJet,10,141.4,7400.93,2,8,10.0,0.0,0,4.0,2.0,1,0.8,0.2
2026-04-01T17:23:54.240464+00:00,Thai Airways,19,144.49,5500.44,0,19,17.0,2.0,0,0.0,0.0,0,1.0,0.0
2026-04-01T17:23:54.240464+00:00,Turkish Airlines,128,201.26,9133.11,7,121,127.0,1.0,0,10.0,6.0,1,0.9453125,0.0546875
2026-04-01T17:23:54.240464+00:00,United Airlines,482,187.35,8511.65,55,427,474.0,8.0,1,35.0,7.0,1,0.8858921161825726,0.11410788381742738
2026-04-06T16:59:34.721135+00:00,ANA,19,201.34,7810.5,0,19,13.0,6.0,1,27.0,6.0,1,1.0,0.0
2026-04-06T16:59:34.721135+00:00,Air France,92,176.57,8169.27,7,85,94.0,-2.0,0,41.0,8.0,1,0.9239130434782609,0.07608695652173914
2026-04-06T16:59:34.721135+00:00,Air India,66,177.08,7189.59,4,62,51.0,15.0,1,40.0,6.0,1,0.9393939393939394,0.06060606060606061
2026-04-06T16:59:34.721135+00:00,American Airlines,546,190.21,8573.03,46,500,517.0,29.0,1,35.0,7.0,1,0.9157509157509157,0.08424908424908426
2026-04-06T16:59:34.721135+00:00,British Airways,84,198.23,7818.76,0,84,86.0,-2.0,0,22.0,9.0,1,1.0,0.0
2026-04-06T16:59:34.721135+00:00,Cathay Pacific,118,84.63,2886.68,7,111,97.0,21.0,1,20.0,5.0,1,0.940677966101695,0.059322033898305086
2026-04-06T16:59:34.721135+00:00,Delta Air Lines,458,192.44,8550.59,39,419,493.0,-35.0,1,63.0,6.0,1,0.9148471615720524,0.0851528384279476
2026-04-06T16:59:34.721135+00:00,Emirates,44,231.82,9539.2,0,44,58.0,-14.0,1,36.0,8.0,1,1.0,0.0
2026-04-06T16:59:34.721135+00:00,Etihad Airways,21,236.46,10190.84,0,21,16.0,5.0,1,19.0,7.0,1,1.0,0.0
2026-04-06T16:59:34.721135+00:00,IndiGo,84,159.36,6201.72,7,77,71.0,13.0,1,62.0,9.0,1,0.9166666666666666,0.08333333333333333
2026-04-06T16:59:34.721135+00:00,Japan Airlines,11,152.02,8757.29,3,8,12.0,-1.0,0,23.0,8.0,1,0.7272727272727273,0.2727272727272727
2026-04-06T16:59:34.721135+00:00,KLM,85,186.14,8182.72,6,79,81.0,4.0,0,52.0,6.0,1,0.9294117647058824,0.07058823529411765
2026-04-06T16:59:34.721135+00:00,Lufthansa,123,190.15,8140.83,9,114,117.0,6.0,1,34.0,6.0,1,0.926829268292683,0.07317073170731707
2026-04-06T16:59:34.721135+00:00,Qantas,6,251.0,10598.15,0,6,14.0,-8.0,1,23.0,8.0,1,1.0,0.0
2026-04-06T16:59:34.721135+00:00,Qatar Airways,24,236.83,9271.64,0,24,28.0,-4.0,0,14.0,4.0,1,1.0,0.0
2026-04-06T16:59:34.721135+00:00,Singapore Airlines,23,252.64,9629.69,0,23,23.0,0.0,0,23.0,7.0,1,1.0,0.0
2026-04-06T16:59:34.721135+00:00,SpiceJet,13,164.45,6842.76,2,11,10.0,3.0,0,4.0,2.0,1,0.8461538461538461,0.15384615384615385
2026-04-06T16:59:34.721135+00:00,Thai Airways,24,108.49,5052.42,4,20,19.0,5.0,1,0.0,0.0,0,0.8333333333333334,0.16666666666666666
2026-04-06T16:59:34.721135+00:00,Turkish Airlines,114,200.32,8491.22,6,108,128.0,-14.0,1,10.0,6.0,1,0.9473684210526315,0.05263157894736842
2026-04-06T16:59:34.721135+00:00,United Airlines,447,205.63,9238.05,30,417,482.0,-35.0,1,35.0,7.0,1,0.9328859060402684,0.06711409395973154
2026-04-06T17:00:09.480304+00:00,ANA,20,192.09,7812.91,1,19,19.0,1.0,0,27.0,6.0,1,0.95,0.05
2026-04-06T17:00:09.480304+00:00,Air France,92,176.42,8172.67,7,85,92.0,0.0,0,41.0,8.0,1,0.9239130434782609,0.07608695652173914
2026-04-06T17:00:09.480304+00:00,Air India,66,176.1,7145.96,4,62,66.0,0.0,0,40.0,6.0,1,0.9393939393939394,0.06060606060606061
2026-04-06T17:00:09.480304+00:00,American Airlines,546,190.29,8553.12,45,501,546.0,0.0,0,35.0,7.0,1,0.9175824175824175,0.08241758241758242
2026-04-06T17:00:09.480304+00:00,British Airways,84,198.19,7808.69,0,84,84.0,0.0,0,22.0,9.0,1,1.0,0.0
2026-04-06T17:00:09.480304+00:00,Cathay Pacific,117,83.87,2786.5,7,110,118.0,-1.0,0,20.0,5.0,1,0.9401709401709402,0.05982905982905983
2026-04-06T17:00:09.480304+00:00,Delta Air Lines,459,192.16,8557.11,40,419,458.0,1.0,0,63.0,6.0,1,0.9128540305010894,0.08714596949891068
2026-04-06T17:00:09.480304+00:00,Emirates,44,231.94,9544.74,0,44,44.0,0.0,0,36.0,8.0,1,1.0,0.0
2026-04-06T17:00:09.480304+00:00,Etihad Airways,21,235.98,10190.48,0,21,21.0,0.0,0,19.0,7.0,1,1.0,0.0
2026-04-06T17:00:09.480304+00:00,IndiGo,83,160.85,6528.33,7,76,84.0,-1.0,0,62.0,9.0,1,0.9156626506024096,0.08433734939759036
2026-04-06T17:00:09.480304+00:00,Japan Airlines,11,150.49,8809.67,3,8,11.0,0.0,0,23.0,8.0,1,0.7272727272727273,0.2727272727272727
2026-04-06T17:00:09.480304+00:00,KLM,85,186.21,8173.95,6,79,85.0,0.0,0,52.0,6.0,1,0.9294117647058824,0.07058823529411765
2026-04-06T17:00:09.480304+00:00,Lufthansa,122,191.59,8175.32,8,114,123.0,-1.0,0,34.0,6.0,1,0.9344262295081968,0.06557377049180328
2026-04-06T17:00:09.480304+00:00,Qantas,7,247.94,10726.78,0,7,6.0,1.0,0,23.0,8.0,1,1.0,0.0
2026-04-06T17:00:09.480304+00:00,Qatar Airways,24,235.39,9715.5,1,23,24.0,0.0,0,14.0,4.0,1,0.9583333333333334,0.041666666666666664
2026-04-06T17:00:09.480304+00:00,Singapore Airlines,23,253.8,9675.74,0,23,23.0,0.0,0,23.0,7.0,1,1.0,0.0
2026-04-06T17:00:09.480304+00:00,SpiceJet,13,164.59,6345.56,2,11,13.0,0.0,0,4.0,2.0,1,0.8461538461538461,0.15384615384615385
2026-04-06T17:00:09.480304+00:00,Thai Airways,22,108.27,4857.95,4,18,24.0,-2.0,0,0.0,0.0,0,0.8181818181818182,0.18181818181818182
2026-04-06T17:00:09.480304+00:00,Turkish Airlines,113,200.91,8550.99,6,107,114.0,-1.0,0,10.0,6.0,1,0.9469026548672567,0.05309734513274336
2026-04-06T17:00:09.480304+00:00,United Airlines,446,205.62,9218.3,30,416,447.0,-1.0,0,35.0,7.0,1,0.9327354260089686,0.06726457399103139
2026-04-06T17:17:17.852970+00:00,ANA,15,211.27,10397.78,2,13,20.0,-5.0,1,27.0,6.0,1,0.8666666666666667,0.13333333333333333
2026-04-06T17:17:17.852970+00:00,Air France,93,173.74,7485.56,6,87,92.0,1.0,0,41.0,8.0,1,0.9354838709677419,0.06451612903225806
2026-04-06T17:17:17.852970+00:00,Air India,59,185.0,7315.59,1,58,66.0,-7.0,1,40.0,6.0,1,0.9830508474576272,0.01694915254237288
2026-04-06T17:17:17.852970+00:00,American Airlines,552,191.12,8614.27,48,504,546.0,6.0,1,35.0,7.0,1,0.9130434782608695,0.08695652173913043
2026-04-06T17:17:17.852970+00:00,British Airways,86,191.48,7920.8,4,82,84.0,2.0,0,22.0,9.0,1,0.9534883720930233,0.046511627906976744
2026-04-06T17:17:17.852970+00:00,Cathay Pacific,121,90.81,3219.83,10,111,117.0,4.0,0,20.0,5.0,1,0.9173553719008265,0.08264462809917356
2026-04-06T17:17:17.852970+00:00,Delta Air Lines,470,193.47,8370.87,32,438,459.0,11.0,1,63.0,6.0,1,0.9319148936170213,0.06808510638297872
2026-04-06T17:17:17.852970+00:00,Emirates,42,232.55,9883.51,1,41,44.0,-2.0,0,36.0,8.0,1,0.9761904761904762,0.023809523809523808
2026-04-06T17:17:17.852970+00:00,Etihad Airways,26,223.22,8746.59,0,26,21.0,5.0,1,19.0,7.0,1,1.0,0.0
2026-04-06T17:17:17.852970+00:00,IndiGo,78,163.06,7050.02,10,68,83.0,-5.0,1,62.0,9.0,1,0.8717948717948718,0.1282051282051282
2026-04-06T17:17:17.852970+00:00,Japan Airlines,13,177.31,9134.99,2,11,11.0,2.0,0,23.0,8.0,1,0.8461538461538461,0.15384615384615385
2026-04-06T17:17:17.852970+00:00,KLM,78,176.7,7178.88,5,73,85.0,-7.0,1,52.0,6.0,1,0.9358974358974359,0.0641025641025641
2026-04-06T17:17:17.852970+00:00,Lufthansa,125,187.2,7926.3,8,117,122.0,3.0,0,34.0,6.0,1,0.936,0.064
2026-04-06T17:17:17.852970+00:00,Qantas,6,165.15,7857.74,1,5,7.0,-1.0,0,23.0,8.0,1,0.8333333333333334,0.16666666666666666
2026-04-06T17:17:17.852970+00:00,Qatar Airways,21,237.15,10227.56,1,20,24.0,-3.0,0,14.0,4.0,1,0.9523809523809523,0.047619047619047616
2026-04-06T17:17:17.852970+00:00,Singapore Airlines,25,248.47,9569.2,0,25,23.0,2.0,0,23.0,7.0,1,1.0,0.0
2026-04-06T17:17:17.852970+00:00,SpiceJet,7,198.6,7181.31,0,7,13.0,-6.0,1,4.0,2.0,1,1.0,0.0
2026-04-06T17:17:17.852970+00:00,Thai Airways,24,97.16,3666.31,3,21,22.0,2.0,0,0.0,0.0,0,0.875,0.125
2026-04-06T17:17:17.852970+00:00,Turkish Airlines,135,198.49,8756.63,7,128,113.0,22.0,1,10.0,6.0,1,0.9481481481481482,0.05185185185185185
2026-04-06T17:17:17.852970+00:00,United Airlines,474,196.62,8390.8,32,442,446.0,28.0,1,35.0,7.0,1,0.9324894514767933,0.06751054852320675
2026-04-06T17:22:21.556775+00:00,ANA,12,243.42,10288.91,0,12,15.0,-3.0,0,27.0,6.0,1,1.0,0.0
2026-04-06T17:22:21.556775+00:00,Air France,92,171.36,7183.03,5,87,93.0,-1.0,0,41.0,8.0,1,0.9456521739130435,0.05434782608695652
2026-04-06T17:22:21.556775+00:00,Air India,58,182.65,7936.23,5,53,59.0,-1.0,0,40.0,6.0,1,0.9137931034482759,0.08620689655172414
2026-04-06T17:22:21.556775+00:00,American Airlines,558,191.14,8687.25,53,505,552.0,6.0,1,35.0,7.0,1,0.9050179211469535,0.09498207885304659
2026-04-06T17:22:21.556775+00:00,British Airways,80,196.1,8380.6,4,76,86.0,-6.0,1,22.0,9.0,1,0.95,0.05
2026-04-06T17:22:21.556775+00:00,Cathay Pacific,130,78.61,2625.09,10,120,121.0,9.0,1,20.0,5.0,1,0.9230769230769231,0.07692307692307693
2026-04-06T17:22:21.556775+00:00,Delta Air Lines,458,193.27,8484.61,35,423,470.0,-12.0,1,63.0,6.0,1,0.9235807860262009,0.07641921397379912
2026-04-06T17:22:21.556775+00:00,Emirates,40,236.49,9761.41,0,40,42.0,-2.0,0,36.0,8.0,1,1.0,0.0
2026-04-06T17:22:21.556775+00:00,Etihad Airways,24,216.54,8426.06,1,23,26.0,-2.0,0,19.0,7.0,1,0.9583333333333334,0.041666666666666664
2026-04-06T17:22:21.556775+00:00,IndiGo,75,163.51,7348.55,9,66,78.0,-3.0,0,62.0,9.0,1,0.88,0.12
2026-04-06T17:22:21.556775+00:00,Japan Airlines,12,197.76,9689.87,1,11,13.0,-1.0,0,23.0,8.0,1,0.9166666666666666,0.08333333333333333
2026-04-06T17:22:21.556775+00:00,KLM,76,178.24,6935.68,4,72,78.0,-2.0,0,52.0,6.0,1,0.9473684210526315,0.05263157894736842
2026-04-06T17:22:21.556775+00:00,Lufthansa,124,184.16,7881.35,10,114,125.0,-1.0,0,34.0,6.0,1,0.9193548387096774,0.08064516129032258
2026-04-06T17:22:21.556775+00:00,Qantas,6,171.43,7528.56,1,5,6.0,0.0,0,23.0,8.0,1,0.8333333333333334,0.16666666666666666
2026-04-06T17:22:21.556775+00:00,Qatar Airways,18,235.69,9397.15,0,18,21.0,-3.0,0,14.0,4.0,1,1.0,0.0
2026-04-06T17:22:21.556775+00:00,Singapore Airlines,24,241.35,9586.28,1,23,25.0,-1.0,0,23.0,7.0,1,0.9583333333333334,0.041666666666666664
2026-04-06T17:22:21.556775+00:00,SpiceJet,8,178.26,6850.38,0,8,7.0,1.0,0,4.0,2.0,1,1.0,0.0
2026-04-06T17:22:21.556775+00:00,Thai Airways,21,94.27,3370.85,1,20,24.0,-3.0,0,0.0,0.0,0,0.9523809523809523,0.047619047619047616
2026-04-06T17:22:21.556775+00:00,Turkish Airlines,130,202.89,8949.35,5,125,135.0,-5.0,1,10.0,6.0,1,0.9615384615384616,0.038461538461538464
2026-04-06T17:22:21.556775+00:00,United Airlines,477,193.92,8470.09,40,437,474.0,3.0,0,35.0,7.0,1,0.9161425576519916,0.08385744234800839
2026-04-06T17:27:27.175455+00:00,ANA,12,239.0,10299.07,0,12,12.0,0.0,0,27.0,6.0,1,1.0,0.0
2026-04-06T17:27:27.175455+00:00,Air France,97,162.03,7134.86,10,87,92.0,5.0,1,41.0,8.0,1,0.8969072164948454,0.10309278350515463
2026-04-06T17:27:27.175455+00:00,Air India,58,180.75,7853.26,6,52,58.0,0.0,0,40.0,6.0,1,0.896551724137931,0.10344827586206896
2026-04-06T17:27:27.175455+00:00,American Airlines,549,188.26,8654.17,57,492,558.0,-9.0,1,35.0,7.0,1,0.8961748633879781,0.10382513661202186
2026-04-06T17:27:27.175455+00:00,British Airways,83,189.08,8066.94,5,78,80.0,3.0,0,22.0,9.0,1,0.9397590361445783,0.060240963855421686
2026-04-06T17:27:27.175455+00:00,Cathay Pacific,132,82.29,2645.77,6,126,130.0,2.0,0,20.0,5.0,1,0.9545454545454546,0.045454545454545456
2026-04-06T17:27:27.175455+00:00,Delta Air Lines,457,194.27,8473.99,30,427,458.0,-1.0,0,63.0,6.0,1,0.9343544857768052,0.06564551422319474
2026-04-06T17:27:27.175455+00:00,Emirates,40,231.47,9189.91,0,40,40.0,0.0,0,36.0,8.0,1,1.0,0.0
2026-04-06T17:27:27.175455+00:00,Etihad Airways,24,213.35,8186.86,1,23,24.0,0.0,0,19.0,7.0,1,0.9583333333333334,0.041666666666666664
2026-04-06T17:27:27.175455+00:00,IndiGo,70,162.62,7368.04,9,61,75.0,-5.0,1,62.0,9.0,1,0.8714285714285714,0.12857142857142856
2026-04-06T17:27:27.175455+00:00,Japan Airlines,11,208.6,10275.57,1,10,12.0,-1.0,0,23.0,8.0,1,0.9090909090909091,0.09090909090909091
2026-04-06T17:27:27.175455+00:00,KLM,71,171.04,6647.53,5,66,76.0,-5.0,1,52.0,6.0,1,0.9295774647887324,0.07042253521126761
2026-04-06T17:27:27.175455+00:00,Lufthansa,120,183.34,7632.14,7,113,124.0,-4.0,0,34.0,6.0,1,0.9416666666666667,0.058333333333333334
2026-04-06T17:27:27.175455+00:00,Qantas,5,156.75,5109.97,1,4,6.0,-1.0,0,23.0,8.0,1,0.8,0.2
2026-04-06T17:27:27.175455+00:00,Qatar Airways,19,244.06,9448.4,0,19,18.0,1.0,0,14.0,4.0,1,1.0,0.0
2026-04-06T17:27:27.175455+00:00,Singapore Airlines,22,239.25,9608.47,1,21,24.0,-2.0,0,23.0,7.0,1,0.9545454545454546,0.045454545454545456
2026-04-06T17:27:27.175455+00:00,SpiceJet,8,181.33,7903.85,0,8,8.0,0.0,0,4.0,2.0,1,1.0,0.0
2026-04-06T17:27:27.175455+00:00,Thai Airways,23,87.47,2704.74,5,18,21.0,2.0,0,0.0,0.0,0,0.782608695652174,0.21739130434782608
2026-04-06T17:27:27.175455+00:00,Turkish Airlines,131,200.74,8938.02,6,125,130.0,1.0,0,10.0,6.0,1,0.9541984732824428,0.04580152671755725
2026-04-06T17:27:27.175455+00:00,United Airlines,493,187.52,8254.25,49,444,477.0,16.0,1,35.0,7.0,1,0.9006085192697769,0.09939148073022312
2026-04-06T17:32:34.504077+00:00,ANA,12,237.39,10342.25,0,12,12.0,0.0,0,27.0,6.0,1,1.0,0.0
2026-04-06T17:32:34.504077+00:00,Air France,92,166.77,7391.58,9,83,97.0,-5.0,1,41.0,8.0,1,0.9021739130434783,0.09782608695652174
2026-04-06T17:32:34.504077+00:00,Air India,56,173.44,7563.76,6,50,58.0,-2.0,0,40.0,6.0,1,0.8928571428571429,0.10714285714285714
2026-04-06T17:32:34.504077+00:00,American Airlines,564,186.54,8585.69,60,504,549.0,15.0,1,35.0,7.0,1,0.8936170212765957,0.10638297872340426
2026-04-06T17:32:34.504077+00:00,British Airways,82,183.93,7973.93,6,76,83.0,-1.0,0,22.0,9.0,1,0.926829268292683,0.07317073170731707
2026-04-06T17:32:34.504077+00:00,Cathay Pacific,142,86.02,2776.48,6,136,132.0,10.0,1,20.0,5.0,1,0.9577464788732394,0.04225352112676056
2026-04-06T17:32:34.504077+00:00,Delta Air Lines,455,192.78,8635.25,38,417,457.0,-2.0,0,63.0,6.0,1,0.9164835164835164,0.08351648351648351
2026-04-06T17:32:34.504077+00:00,Emirates,41,226.92,9193.53,1,40,40.0,1.0,0,36.0,8.0,1,0.975609756097561,0.024390243902439025
2026-04-06T17:32:34.504077+00:00,Etihad Airways,23,211.52,8713.29,2,21,24.0,-1.0,0,19.0,7.0,1,0.9130434782608695,0.08695652173913043
2026-04-06T17:32:34.504077+00:00,IndiGo,65,159.08,7019.18,8,57,70.0,-5.0,1,62.0,9.0,1,0.8769230769230769,0.12307692307692308
2026-04-06T17:32:34.504077+00:00,Japan Airlines,9,234.37,10570.63,0,9,11.0,-2.0,0,23.0,8.0,1,1.0,0.0
2026-04-06T17:32:34.504077+00:00,KLM,68,166.05,6542.91,8,60,71.0,-3.0,0,52.0,6.0,1,0.8823529411764706,0.11764705882352941
2026-04-06T17:32:34.504077+00:00,Lufthansa,122,177.95,7938.14,14,108,120.0,2.0,0,34.0,6.0,1,0.8852459016393442,0.11475409836065574
2026-04-06T17:32:34.504077+00:00,Qantas,4,181.06,6242.69,0,4,5.0,-1.0,0,23.0,8.0,1,1.0,0.0
2026-04-06T17:32:34.504077+00:00,Qatar Airways,18,231.99,9536.01,0,18,19.0,-1.0,0,14.0,4.0,1,1.0,0.0
2026-04-06T17:32:34.504077+00:00,Singapore Airlines,20,237.07,10070.43,1,19,22.0,-2.0,0,23.0,7.0,1,0.95,0.05
2026-04-06T17:32:34.504077+00:00,SpiceJet,9,197.02,8564.03,0,9,8.0,1.0,0,4.0,2.0,1,1.0,0.0
2026-04-06T17:32:34.504077+00:00,Thai Airways,26,95.43,2891.62,5,21,23.0,3.0,0,0.0,0.0,0,0.8076923076923077,0.19230769230769232
2026-04-06T17:32:34.504077+00:00,Turkish Airlines,128,202.2,9615.1,9,119,131.0,-3.0,0,10.0,6.0,1,0.9296875,0.0703125
2026-04-06T17:32:34.504077+00:00,United Airlines,485,186.85,8096.23,44,441,493.0,-8.0,1,35.0,7.0,1,0.9092783505154639,0.09072164948453608
2026-04-06T17:37:38.903691+00:00,ANA,13,225.4,8973.43,0,13,12.0,1.0,0,27.0,6.0,1,1.0,0.0
2026-04-06T17:37:38.903691+00:00,Air France,90,166.24,7567.13,9,81,92.0,-2.0,0,41.0,8.0,1,0.9,0.1
2026-04-06T17:37:38.903691+00:00,Air India,55,181.38,7477.56,4,51,56.0,-1.0,0,40.0,6.0,1,0.9272727272727272,0.07272727272727272
2026-04-06T17:37:38.903691+00:00,American Airlines,553,187.89,8496.8,52,501,564.0,-11.0,1,35.0,7.0,1,0.9059674502712477,0.09403254972875226
2026-04-06T17:37:38.903691+00:00,British Airways,82,189.41,7878.88,5,77,82.0,0.0,0,22.0,9.0,1,0.9390243902439024,0.06097560975609756
2026-04-06T17:37:38.903691+00:00,Cathay Pacific,140,83.2,2638.95,5,135,142.0,-2.0,0,20.0,5.0,1,0.9642857142857143,0.03571428571428571
2026-04-06T17:37:38.903691+00:00,Delta Air Lines,450,193.86,8645.94,36,414,455.0,-5.0,1,63.0,6.0,1,0.92,0.08
2026-04-06T17:37:38.903691+00:00,Emirates,46,220.79,8764.35,1,45,41.0,5.0,1,36.0,8.0,1,0.9782608695652174,0.021739130434782608
2026-04-06T17:37:38.903691+00:00,Etihad Airways,27,215.24,8542.63,2,25,23.0,4.0,0,19.0,7.0,1,0.9259259259259259,0.07407407407407407
2026-04-06T17:37:38.903691+00:00,IndiGo,61,172.58,6840.13,5,56,65.0,-4.0,0,62.0,9.0,1,0.9180327868852459,0.08196721311475409
2026-04-06T17:37:38.903691+00:00,Japan Airlines,8,240.58,10779.44,0,8,9.0,-1.0,0,23.0,8.0,1,1.0,0.0
2026-04-06T17:37:38.903691+00:00,KLM,64,158.08,5737.47,6,58,68.0,-4.0,0,52.0,6.0,1,0.90625,0.09375
2026-04-06T17:37:38.903691+00:00,Lufthansa,113,176.74,8234.19,15,98,122.0,-9.0,1,34.0,6.0,1,0.8672566371681416,0.13274336283185842
2026-04-06T17:37:38.903691+00:00,Qantas,5,145.89,6797.04,1,4,4.0,1.0,0,23.0,8.0,1,0.8,0.2
2026-04-06T17:37:38.903691+00:00,Qatar Airways,18,221.41,9814.11,1,17,18.0,0.0,0,14.0,4.0,1,0.9444444444444444,0.05555555555555555
2026-04-06T17:37:38.903691+00:00,Singapore Airlines,27,233.45,9471.07,1,26,20.0,7.0,1,23.0,7.0,1,0.9629629629629629,0.037037037037037035
2026-04-06T17:37:38.903691+00:00,SpiceJet,9,205.81,9458.11,0,9,9.0,0.0,0,4.0,2.0,1,1.0,0.0
2026-04-06T17:37:38.903691+00:00,Thai Airways,22,123.59,3733.8,1,21,26.0,-4.0,0,0.0,0.0,0,0.9545454545454546,0.045454545454545456
2026-04-06T17:37:38.903691+00:00,Turkish Airlines,130,201.57,9557.98,8,122,128.0,2.0,0,10.0,6.0,1,0.9384615384615385,0.06153846153846154
2026-04-06T17:37:38.903691+00:00,United Airlines,494,185.71,7944.5,44,450,485.0,9.0,1,35.0,7.0,1,0.9109311740890689,0.08906882591093117
2026-04-06T17:42:41.371603+00:00,ANA,12,222.51,8770.62,0,12,13.0,-1.0,0,27.0,6.0,1,1.0,0.0
2026-04-06T17:42:41.371603+00:00,Air France,95,167.65,7304.55,6,89,90.0,5.0,1,41.0,8.0,1,0.9368421052631579,0.06315789473684211
2026-04-06T17:42:41.371603+00:00,Air India,55,167.8,7485.79,6,49,55.0,0.0,0,40.0,6.0,1,0.8909090909090909,0.10909090909090909
2026-04-06T17:42:41.371603+00:00,American Airlines,553,185.96,8412.25,54,499,553.0,0.0,0,35.0,7.0,1,0.9023508137432188,0.09764918625678119
2026-04-06T17:42:41.371603+00:00,British Airways,85,192.72,7657.27,2,83,82.0,3.0,0,22.0,9.0,1,0.9764705882352941,0.023529411764705882
2026-04-06T17:42:41.371603+00:00,Cathay Pacific,133,85.73,2664.2,5,128,140.0,-7.0,1,20.0,5.0,1,0.9624060150375939,0.03759398496240601
2026-04-06T17:42:41.371603+00:00,Delta Air Lines,449,193.71,8774.46,40,409,450.0,-1.0,0,63.0,6.0,1,0.910913140311804,0.08908685968819599
2026-04-06T17:42:41.371603+00:00,Emirates,44,223.29,8500.46,0,44,46.0,-2.0,0,36.0,8.0,1,1.0,0.0
2026-04-06T17:42:41.371603+00:00,Etihad Airways,21,224.14,8671.56,1,20,27.0,-6.0,1,19.0,7.0,1,0.9523809523809523,0.047619047619047616
2026-04-06T17:42:41.371603+00:00,IndiGo,62,168.16,7428.09,8,54,61.0,1.0,0,62.0,9.0,1,0.8709677419354839,0.12903225806451613
2026-04-06T17:42:41.371603+00:00,Japan Airlines,8,244.89,10978.52,0,8,8.0,0.0,0,23.0,8.0,1,1.0,0.0
2026-04-06T17:42:41.371603+00:00,KLM,58,160.53,5814.96,7,51,64.0,-6.0,1,52.0,6.0,1,0.8793103448275862,0.1206896551724138
2026-04-06T17:42:41.371603+00:00,Lufthansa,110,184.21,7875.23,9,101,113.0,-3.0,0,34.0,6.0,1,0.9181818181818182,0.08181818181818182
2026-04-06T17:42:41.371603+00:00,Qantas,5,163.63,7124.7,1,4,5.0,0.0,0,23.0,8.0,1,0.8,0.2
2026-04-06T17:42:41.371603+00:00,Qatar Airways,20,226.77,10678.43,1,19,18.0,2.0,0,14.0,4.0,1,0.95,0.05
2026-04-06T17:42:41.371603+00:00,Singapore Airlines,27,232.29,8816.62,0,27,27.0,0.0,0,23.0,7.0,1,1.0,0.0
2026-04-06T17:42:41.371603+00:00,SpiceJet,8,199.65,9804.08,0,8,9.0,-1.0,0,4.0,2.0,1,1.0,0.0
2026-04-06T17:42:41.371603+00:00,Thai Airways,20,121.55,4194.39,2,18,22.0,-2.0,0,0.0,0.0,0,0.9,0.1
2026-04-06T17:42:41.371603+00:00,Turkish Airlines,133,205.84,9549.86,7,126,130.0,3.0,0,10.0,6.0,1,0.9473684210526315,0.05263157894736842
2026-04-06T17:42:41.371603+00:00,United Airlines,496,183.01,7970.54,52,444,494.0,2.0,0,35.0,7.0,1,0.8951612903225806,0.10483870967741936
2026-04-06T17:47:44.059396+00:00,ANA,12,219.22,9680.17,1,11,12.0,0.0,0,27.0,6.0,1,0.9166666666666666,0.08333333333333333
2026-04-06T17:47:44.059396+00:00,Air France,88,172.17,7397.75,4,84,95.0,-7.0,1,41.0,8.0,1,0.9545454545454546,0.045454545454545456
2026-04-06T17:47:44.059396+00:00,Air India,52,170.97,7713.66,5,47,55.0,-3.0,0,40.0,6.0,1,0.9038461538461539,0.09615384615384616
2026-04-06T17:47:44.059396+00:00,American Airlines,557,182.9,8535.26,69,488,553.0,4.0,0,35.0,7.0,1,0.8761220825852782,0.12387791741472172
2026-04-06T17:47:44.059396+00:00,British Airways,83,192.79,7492.32,1,82,85.0,-2.0,0,22.0,9.0,1,0.9879518072289156,0.012048192771084338
2026-04-06T17:47:44.059396+00:00,Cathay Pacific,121,85.02,2756.39,6,115,133.0,-12.0,1,20.0,5.0,1,0.9504132231404959,0.049586776859504134
2026-04-06T17:47:44.059396+00:00,Delta Air Lines,452,194.34,8621.14,34,418,449.0,3.0,0,63.0,6.0,1,0.9247787610619469,0.0752212389380531
2026-04-06T17:47:44.059396+00:00,Emirates,43,217.2,8033.25,0,43,44.0,-1.0,0,36.0,8.0,1,1.0,0.0
2026-04-06T17:47:44.059396+00:00,Etihad Airways,20,269.76,8301.99,0,20,21.0,-1.0,0,19.0,7.0,1,1.0,0.0
2026-04-06T17:47:44.059396+00:00,IndiGo,60,160.79,6955.05,8,52,62.0,-2.0,0,62.0,9.0,1,0.8666666666666667,0.13333333333333333
2026-04-06T17:47:44.059396+00:00,Japan Airlines,8,249.65,11199.5,0,8,8.0,0.0,0,23.0,8.0,1,1.0,0.0
2026-04-06T17:47:44.059396+00:00,KLM,54,159.03,5792.63,6,48,58.0,-4.0,0,52.0,6.0,1,0.8888888888888888,0.1111111111111111
2026-04-06T17:47:44.059396+00:00,Lufthansa,107,188.6,7948.43,8,99,110.0,-3.0,0,34.0,6.0,1,0.9252336448598131,0.07476635514018691
2026-04-06T17:47:44.059396+00:00,Qantas,4,184.54,9842.5,1,3,5.0,-1.0,0,23.0,8.0,1,0.75,0.25
2026-04-06T17:47:44.059396+00:00,Qatar Airways,21,211.64,9873.62,1,20,20.0,1.0,0,14.0,4.0,1,0.9523809523809523,0.047619047619047616
2026-04-06T17:47:44.059396+00:00,Singapore Airlines,29,231.0,9113.79,1,28,27.0,2.0,0,23.0,7.0,1,0.9655172413793104,0.034482758620689655
2026-04-06T17:47:44.059396+00:00,SpiceJet,10,176.28,7610.86,0,10,8.0,2.0,0,4.0,2.0,1,1.0,0.0
2026-04-06T17:47:44.059396+00:00,Thai Airways,19,109.81,3685.67,0,19,20.0,-1.0,0,0.0,0.0,0,1.0,0.0
2026-04-06T17:47:44.059396+00:00,Turkish Airlines,134,213.81,9812.24,6,128,133.0,1.0,0,10.0,6.0,1,0.9552238805970149,0.04477611940298507
2026-04-06T17:47:44.059396+00:00,United Airlines,508,183.34,7999.81,55,453,496.0,12.0,1,35.0,7.0,1,0.8917322834645669,0.10826771653543307
2026-04-06T17:52:46.417993+00:00,ANA,11,209.63,10627.36,2,9,12.0,-1.0,0,27.0,6.0,1,0.8181818181818182,0.18181818181818182
2026-04-06T17:52:46.417993+00:00,Air France,79,177.07,7634.53,4,75,88.0,-9.0,1,41.0,8.0,1,0.9493670886075949,0.05063291139240506
2026-04-06T17:52:46.417993+00:00,Air India,48,169.75,8542.95,7,41,52.0,-4.0,0,40.0,6.0,1,0.8541666666666666,0.14583333333333334
2026-04-06T17:52:46.417993+00:00,American Airlines,562,185.92,8409.45,57,505,557.0,5.0,1,35.0,7.0,1,0.8985765124555161,0.10142348754448399
2026-04-06T17:52:46.417993+00:00,British Airways,79,187.92,7881.24,5,74,83.0,-4.0,0,22.0,9.0,1,0.9367088607594937,0.06329113924050633
2026-04-06T17:52:46.417993+00:00,Cathay Pacific,126,83.93,2714.63,6,120,121.0,5.0,1,20.0,5.0,1,0.9523809523809523,0.047619047619047616
2026-04-06T17:52:46.417993+00:00,Delta Air Lines,452,195.85,8592.74,30,422,452.0,0.0,0,63.0,6.0,1,0.9336283185840708,0.06637168141592921
2026-04-06T17:52:46.417993+00:00,Emirates,47,213.82,8066.93,1,46,43.0,4.0,0,36.0,8.0,1,0.9787234042553191,0.02127659574468085
2026-04-06T17:52:46.417993+00:00,Etihad Airways,17,260.27,7231.38,0,17,20.0,-3.0,0,19.0,7.0,1,1.0,0.0
2026-04-06T17:52:46.417993+00:00,IndiGo,54,168.35,6988.88,3,51,60.0,-6.0,1,62.0,9.0,1,0.9444444444444444,0.05555555555555555
2026-04-06T17:52:46.417993+00:00,Japan Airlines,7,261.96,11102.34,0,7,8.0,-1.0,0,23.0,8.0,1,1.0,0.0
2026-04-06T17:52:46.417993+00:00,KLM,51,151.11,5722.79,7,44,54.0,-3.0,0,52.0,6.0,1,0.8627450980392157,0.13725490196078433
2026-04-06T17:52:46.417993+00:00,Lufthansa,109,182.93,7895.25,11,98,107.0,2.0,0,34.0,6.0,1,0.8990825688073395,0.10091743119266056
2026-04-06T17:52:46.417993+00:00,Qantas,3,166.82,10172.7,1,2,4.0,-1.0,0,23.0,8.0,1,0.6666666666666666,0.3333333333333333
2026-04-06T17:52:46.417993+00:00,Qatar Airways,19,220.79,9856.27,0,19,21.0,-2.0,0,14.0,4.0,1,1.0,0.0
2026-04-06T17:52:46.417993+00:00,Singapore Airlines,27,230.52,9720.07,2,25,29.0,-2.0,0,23.0,7.0,1,0.9259259259259259,0.07407407407407407
2026-04-06T17:52:46.417993+00:00,SpiceJet,12,170.17,6924.04,0,12,10.0,2.0,0,4.0,2.0,1,1.0,0.0
2026-04-06T17:52:46.417993+00:00,Thai Airways,23,112.64,4276.55,2,21,19.0,4.0,0,0.0,0.0,0,0.9130434782608695,0.08695652173913043
2026-04-06T17:52:46.417993+00:00,Turkish Airlines,145,213.62,9749.82,6,139,134.0,11.0,1,10.0,6.0,1,0.9586206896551724,0.041379310344827586
2026-04-06T17:52:46.417993+00:00,United Airlines,499,182.53,8165.83,60,439,508.0,-9.0,1,35.0,7.0,1,0.8797595190380761,0.12024048096192384
2026-04-06T17:57:48.609528+00:00,ANA,10,226.46,10868.66,1,9,11.0,-1.0,0,27.0,6.0,1,0.9,0.1
2026-04-06T17:57:48.609528+00:00,Air France,75,171.8,7426.63,6,69,79.0,-4.0,0,41.0,8.0,1,0.92,0.08
2026-04-06T17:57:48.609528+00:00,Air India,47,179.03,8482.73,6,41,48.0,-1.0,0,40.0,6.0,1,0.8723404255319149,0.1276595744680851
2026-04-06T17:57:48.609528+00:00,American Airlines,559,185.01,8359.98,61,498,562.0,-3.0,0,35.0,7.0,1,0.8908765652951699,0.10912343470483005
2026-04-06T17:57:48.609528+00:00,British Airways,78,180.41,7479.24,6,72,79.0,-1.0,0,22.0,9.0,1,0.9230769230769231,0.07692307692307693
2026-04-06T17:57:48.609528+00:00,Cathay Pacific,135,83.65,2866.34,10,125,126.0,9.0,1,20.0,5.0,1,0.9259259259259259,0.07407407407407407
2026-04-06T17:57:48.609528+00:00,Delta Air Lines,459,191.51,8580.85,43,416,452.0,7.0,1,63.0,6.0,1,0.906318082788671,0.09368191721132897
2026-04-06T17:57:48.609528+00:00,Emirates,43,205.9,8601.27,3,40,47.0,-4.0,0,36.0,8.0,1,0.9302325581395349,0.06976744186046512
2026-04-06T17:57:48.609528+00:00,Etihad Airways,15,226.39,7527.47,1,14,17.0,-2.0,0,19.0,7.0,1,0.9333333333333333,0.06666666666666667
2026-04-06T17:57:48.609528+00:00,IndiGo,52,170.64,6621.3,4,48,54.0,-2.0,0,62.0,9.0,1,0.9230769230769231,0.07692307692307693
2026-04-06T17:57:48.609528+00:00,Japan Airlines,8,259.92,11215.69,0,8,7.0,1.0,0,23.0,8.0,1,1.0,0.0
2026-04-06T17:57:48.609528+00:00,KLM,48,141.83,5534.84,6,42,51.0,-3.0,0,52.0,6.0,1,0.875,0.125
2026-04-06T17:57:48.609528+00:00,Lufthansa,108,176.97,7444.35,10,98,109.0,-1.0,0,34.0,6.0,1,0.9074074074074074,0.09259259259259259
2026-04-06T17:57:48.609528+00:00,Qantas,3,171.08,10957.56,1,2,3.0,0.0,0,23.0,8.0,1,0.6666666666666666,0.3333333333333333
2026-04-06T17:57:48.609528+00:00,Qatar Airways,16,213.09,9443.09,0,16,19.0,-3.0,0,14.0,4.0,1,1.0,0.0
2026-04-06T17:57:48.609528+00:00,Singapore Airlines,28,228.18,10071.2,3,25,27.0,1.0,0,23.0,7.0,1,0.8928571428571429,0.10714285714285714
2026-04-06T17:57:48.609528+00:00,SpiceJet,12,169.11,6564.63,0,12,12.0,0.0,0,4.0,2.0,1,1.0,0.0
2026-04-06T17:57:48.609528+00:00,Thai Airways,23,127.67,4723.36,1,22,23.0,0.0,0,0.0,0.0,0,0.9565217391304348,0.043478260869565216
2026-04-06T17:57:48.609528+00:00,Turkish Airlines,145,220.48,9788.34,2,143,145.0,0.0,0,10.0,6.0,1,0.9862068965517241,0.013793103448275862
2026-04-06T17:57:48.609528+00:00,United Airlines,490,184.86,8131.8,52,438,499.0,-9.0,1,35.0,7.0,1,0.8938775510204081,0.10612244897959183
2026-04-06T18:02:50.925612+00:00,ANA,12,211.21,10911.84,2,10,10.0,2.0,0,27.0,6.0,1,0.8333333333333334,0.16666666666666666
2026-04-06T18:02:50.925612+00:00,Air France,73,171.3,7501.72,6,67,75.0,-2.0,0,41.0,8.0,1,0.9178082191780822,0.0821917808219178
2026-04-06T18:02:50.925612+00:00,Air India,46,185.54,8237.95,4,42,47.0,-1.0,0,40.0,6.0,1,0.9130434782608695,0.08695652173913043
2026-04-06T18:02:50.925612+00:00,American Airlines,544,188.88,8411.64,52,492,559.0,-15.0,1,35.0,7.0,1,0.9044117647058824,0.09558823529411764
2026-04-06T18:02:50.925612+00:00,British Airways,73,189.8,7835.49,5,68,78.0,-5.0,1,22.0,9.0,1,0.9315068493150684,0.0684931506849315
2026-04-06T18:02:50.925612+00:00,Cathay Pacific,139,78.81,2637.28,9,130,135.0,4.0,0,20.0,5.0,1,0.935251798561151,0.06474820143884892
2026-04-06T18:02:50.925612+00:00,Delta Air Lines,455,188.78,8273.8,40,415,459.0,-4.0,0,63.0,6.0,1,0.9120879120879121,0.08791208791208792
2026-04-06T18:02:50.925612+00:00,Emirates,33,199.88,8701.53,3,30,43.0,-10.0,1,36.0,8.0,1,0.9090909090909091,0.09090909090909091
2026-04-06T18:02:50.925612+00:00,Etihad Airways,14,199.1,7977.05,0,14,15.0,-1.0,0,19.0,7.0,1,1.0,0.0
2026-04-06T18:02:50.925612+00:00,IndiGo,54,167.38,7025.48,7,47,52.0,2.0,0,62.0,9.0,1,0.8703703703703703,0.12962962962962962
2026-04-06T18:02:50.925612+00:00,Japan Airlines,8,253.96,10992.8,0,8,8.0,0.0,0,23.0,8.0,1,1.0,0.0
2026-04-06T18:02:50.925612+00:00,KLM,43,141.02,6053.76,8,35,48.0,-5.0,1,52.0,6.0,1,0.813953488372093,0.18604651162790697
2026-04-06T18:02:50.925612+00:00,Lufthansa,99,184.03,7327.04,8,91,108.0,-9.0,1,34.0,6.0,1,0.9191919191919192,0.08080808080808081
2026-04-06T18:02:50.925612+00:00,Qantas,3,150.97,7574.28,1,2,3.0,0.0,0,23.0,8.0,1,0.6666666666666666,0.3333333333333333
2026-04-06T18:02:50.925612+00:00,Qatar Airways,17,206.16,9003.98,1,16,16.0,1.0,0,14.0,4.0,1,0.9411764705882353,0.058823529411764705
2026-04-06T18:02:50.925612+00:00,Singapore Airlines,28,231.36,10429.65,3,25,28.0,0.0,0,23.0,7.0,1,0.8928571428571429,0.10714285714285714
2026-04-06T18:02:50.925612+00:00,SpiceJet,14,143.51,5929.53,1,13,12.0,2.0,0,4.0,2.0,1,0.9285714285714286,0.07142857142857142
2026-04-06T18:02:50.925612+00:00,Thai Airways,24,125.13,4689.07,2,22,23.0,1.0,0,0.0,0.0,0,0.9166666666666666,0.08333333333333333
2026-04-06T18:02:50.925612+00:00,Turkish Airlines,148,220.75,9916.88,3,145,145.0,3.0,0,10.0,6.0,1,0.9797297297297297,0.02027027027027027
2026-04-06T18:02:50.925612+00:00,United Airlines,495,182.57,8320.88,66,429,490.0,5.0,1,35.0,7.0,1,0.8666666666666667,0.13333333333333333
2026-04-06T18:07:53.196841+00:00,ANA,11,210.95,10802.62,2,9,12.0,-1.0,0,27.0,6.0,1,0.8181818181818182,0.18181818181818182
2026-04-06T18:07:53.196841+00:00,Air France,69,176.24,6916.42,3,66,73.0,-4.0,0,41.0,8.0,1,0.9565217391304348,0.043478260869565216
2026-04-06T18:07:53.196841+00:00,Air India,49,182.73,8077.54,4,45,46.0,3.0,0,40.0,6.0,1,0.9183673469387755,0.08163265306122448
2026-04-06T18:07:53.196841+00:00,American Airlines,530,187.68,8304.22,49,481,544.0,-14.0,1,35.0,7.0,1,0.9075471698113208,0.09245283018867924
2026-04-06T18:07:53.196841+00:00,British Airways,69,188.17,7771.81,4,65,73.0,-4.0,0,22.0,9.0,1,0.9420289855072463,0.057971014492753624
2026-04-06T18:07:53.196841+00:00,Cathay Pacific,139,81.59,2665.87,4,135,139.0,0.0,0,20.0,5.0,1,0.9712230215827338,0.02877697841726619
2026-04-06T18:07:53.196841+00:00,Delta Air Lines,466,183.69,8113.57,51,415,455.0,11.0,1,63.0,6.0,1,0.8905579399141631,0.10944206008583691
2026-04-06T18:07:53.196841+00:00,Emirates,34,190.8,8511.54,4,30,33.0,1.0,0,36.0,8.0,1,0.8823529411764706,0.11764705882352941
2026-04-06T18:07:53.196841+00:00,Etihad Airways,18,172.41,8127.21,3,15,14.0,4.0,0,19.0,7.0,1,0.8333333333333334,0.16666666666666666
2026-04-06T18:07:53.196841+00:00,IndiGo,51,172.45,7233.0,5,46,54.0,-3.0,0,62.0,9.0,1,0.9019607843137255,0.09803921568627451
2026-04-06T18:07:53.196841+00:00,Japan Airlines,8,250.8,10758.49,0,8,8.0,0.0,0,23.0,8.0,1,1.0,0.0
2026-04-06T18:07:53.196841+00:00,KLM,39,142.43,7273.29,11,28,43.0,-4.0,0,52.0,6.0,1,0.717948717948718,0.28205128205128205
2026-04-06T18:07:53.196841+00:00,Lufthansa,99,181.36,7492.28,11,88,99.0,0.0,0,34.0,6.0,1,0.8888888888888888,0.1111111111111111
2026-04-06T18:07:53.196841+00:00,Qantas,4,220.62,7418.07,0,4,3.0,1.0,0,23.0,8.0,1,1.0,0.0
2026-04-06T18:07:53.196841+00:00,Qatar Airways,17,196.45,8394.38,1,16,17.0,0.0,0,14.0,4.0,1,0.9411764705882353,0.058823529411764705
2026-04-06T18:07:53.196841+00:00,Singapore Airlines,29,230.81,9611.36,2,27,28.0,1.0,0,23.0,7.0,1,0.9310344827586207,0.06896551724137931
2026-04-06T18:07:53.196841+00:00,SpiceJet,14,134.55,4863.9,1,13,14.0,0.0,0,4.0,2.0,1,0.9285714285714286,0.07142857142857142
2026-04-06T18:07:53.196841+00:00,Thai Airways,21,147.94,5206.27,1,20,24.0,-3.0,0,0.0,0.0,0,0.9523809523809523,0.047619047619047616
2026-04-06T18:07:53.196841+00:00,Turkish Airlines,151,219.15,9853.74,3,148,148.0,3.0,0,10.0,6.0,1,0.9801324503311258,0.019867549668874173
2026-04-06T18:07:53.196841+00:00,United Airlines,474,188.11,8347.35,50,424,495.0,-21.0,1,35.0,7.0,1,0.8945147679324894,0.10548523206751055
2026-04-06T18:12:55.729866+00:00,ANA,12,224.64,10034.85,1,11,11.0,1.0,0,27.0,6.0,1,0.9166666666666666,0.08333333333333333
2026-04-06T18:12:55.729866+00:00,Air France,70,158.79,7382.31,8,62,69.0,1.0,0,41.0,8.0,1,0.8857142857142857,0.11428571428571428
2026-04-06T18:12:55.729866+00:00,Air India,52,184.82,7841.3,4,48,49.0,3.0,0,40.0,6.0,1,0.9230769230769231,0.07692307692307693
2026-04-06T18:12:55.729866+00:00,American Airlines,531,188.41,8337.46,48,483,530.0,1.0,0,35.0,7.0,1,0.9096045197740112,0.0903954802259887
2026-04-06T18:12:55.729866+00:00,British Airways,66,187.5,7616.98,3,63,69.0,-3.0,0,22.0,9.0,1,0.9545454545454546,0.045454545454545456
2026-04-06T18:12:55.729866+00:00,Cathay Pacific,131,79.11,2699.08,7,124,139.0,-8.0,1,20.0,5.0,1,0.9465648854961832,0.05343511450381679
2026-04-06T18:12:55.729866+00:00,Delta Air Lines,454,185.13,7915.05,43,411,466.0,-12.0,1,63.0,6.0,1,0.9052863436123348,0.0947136563876652
2026-04-06T18:12:55.729866+00:00,Emirates,36,200.37,8992.06,3,33,34.0,2.0,0,36.0,8.0,1,0.9166666666666666,0.08333333333333333
2026-04-06T18:12:55.729866+00:00,Etihad Airways,16,163.93,7430.67,3,13,18.0,-2.0,0,19.0,7.0,1,0.8125,0.1875
2026-04-06T18:12:55.729866+00:00,IndiGo,50,173.66,7513.32,6,44,51.0,-1.0,0,62.0,9.0,1,0.88,0.12
2026-04-06T18:12:55.729866+00:00,Japan Airlines,12,223.4,10196.95,1,11,8.0,4.0,0,23.0,8.0,1,0.9166666666666666,0.08333333333333333
2026-04-06T18:12:55.729866+00:00,KLM,34,161.69,7479.03,6,28,39.0,-5.0,1,52.0,6.0,1,0.8235294117647058,0.17647058823529413
2026-04-06T18:12:55.729866+00:00,Lufthansa,100,173.06,7378.52,13,87,99.0,1.0,0,34.0,6.0,1,0.87,0.13
2026-04-06T18:12:55.729866+00:00,Qantas,6,233.47,7882.89,0,6,4.0,2.0,0,23.0,8.0,1,1.0,0.0
2026-04-06T18:12:55.729866+00:00,Qatar Airways,14,200.33,8132.72,0,14,17.0,-3.0,0,14.0,4.0,1,1.0,0.0
2026-04-06T18:12:55.729866+00:00,Singapore Airlines,26,232.0,9232.09,1,25,29.0,-3.0,0,23.0,7.0,1,0.9615384615384616,0.038461538461538464
2026-04-06T18:12:55.729866+00:00,SpiceJet,12,140.37,6332.22,2,10,14.0,-2.0,0,4.0,2.0,1,0.8333333333333334,0.16666666666666666
2026-04-06T18:12:55.729866+00:00,Thai Airways,20,162.18,5726.05,0,20,21.0,-1.0,0,0.0,0.0,0,1.0,0.0
2026-04-06T18:12:55.729866+00:00,Turkish Airlines,154,218.58,9892.03,4,150,151.0,3.0,0,10.0,6.0,1,0.974025974025974,0.025974025974025976
2026-04-06T18:12:55.729866+00:00,United Airlines,463,190.52,8548.03,46,417,474.0,-11.0,1,35.0,7.0,1,0.9006479481641468,0.09935205183585313
